date;title;link
02/02/2018;Υ/Κ ΑΛΛΑΓΗ ΩΡΑΡΙΟΥ;/el/Tmima/Anouncements/entry/5f1ac4b3-56cc-410b-a9df-e152814f4475/?PageNo=0
30/01/2018;ΑΝΑΚΟΙΝΩΣΗ ΠΡΑΚΤΙΚΗΣ ΑΣΚΗΣΗΣ;/el/Tmima/Anouncements/entry/893a8bae-b6c1-49d1-bf01-58188e5d25c6/?PageNo=0
24/01/2018;Υ/Κ: ΚΛΕΙΣΤΟ;/el/Tmima/Anouncements/entry/80002388-f1d1-44cf-8fdb-ae387776599c/?PageNo=0
22/01/2018;Απόκτηση Ακαδημαϊκής Εμπειρίας 2017-18: Ανάρτηση Πρόσκλησης Εκδήλωσης Ενδιαφέροντος (36 θέσεων) εαρινού εξαμήνου;/el/Tmima/Anouncements/entry/044b4031-3cdf-4b6e-bff6-9ac5c6979738/?PageNo=0
18/01/2018;ΠΡΟΣΚΛΗΣΗ ΓΙΑ ΠΡΑΚΤΙΚΗΣ ΑΣΚΗΣΗΣ;/el/Tmima/Anouncements/entry/a80ad599-7f9a-4613-9190-939e1356f7c2/?PageNo=0
16/01/2018;ΕΠΙΤΗΡΗΣΕΙΣ ΙΑΝΟΥΑΡΙΟΥ-ΦΕΒΡΟΥΑΡΙΟΥ 2018 - ΤΟΜΕΑΣ ΚΑΤΑΣΚΕΥΩΝ;/el/Tmima/Anouncements/entry/a60934f0-bdde-4810-903c-846ed50a579f/?PageNo=0
15/01/2018;ΠΑΡΑΤΑΣΗ ΗΛΕΚΤΡΟΝΙΚΗΣ ΣΥΜΠΛΗΡΩΣΗΣ ΕΡΩΤΗΜΑΤΟΛΟΓΙΩΝ ΓΙΑ ΤΗΝ ΑΞΙΟΛΟΓΗΣΗ ΤΩΝ ΜΑΘΗΜΑΤΩΝ;/el/Tmima/Anouncements/entry/63080c4a-f670-441b-84b0-fba25de2030b/?PageNo=0
13/01/2018;"ΑΝΑΚΟΙΝΩΣΗ ΓΙΑ ΤΟ ΜΑΘΗΜΑ: ""ΣΤΟΙΧΕΙΑ ΥΔΡΑΥΛΙΚΩΝ ΕΡΓΩΝ""";/el/Tmima/Anouncements/entry/3f52aebf-4fa6-461f-a32f-1920dbf94eb2/?PageNo=0
09/01/2018;Υ/Κ: ΟΧΙ ΚΛΕΙΣΤΟ;/el/Tmima/Anouncements/entry/5ce7b2ac-8bbd-4ca5-b9a2-55764796b931/?PageNo=0
08/01/2018;ΑΝΑΚΟΙΝΩΣΗ ΠΡΑΚΤΙΚΗΣ ΑΣΚΗΣΗΣ;/el/Tmima/Anouncements/entry/33cfa4b1-db7a-4ae7-9c46-b675fc5753b7/?PageNo=0
